﻿Arizona, Jeff Flake
California, Dianne Feinstein
Connecticut, Chris Murphy
Delaware, Tom Carper
Florida, Bill Nelson
Hawaii, Mazie Hirono
Indiana, Joe Donnelly
Maine, Angus King(I)
Maryland, Ben Cardin
Massachusetts, Elizabeth Warren
Michigan, Debbie Stabenow
Minnesota, Amy Klobuchar
Mississippi, Roger Wicker
Missouri, Claire McCaskill
Montana, Jon Tester
Nebraska, Deb Fischer
Nevada, Dean Heller
New Jersey, Bob Menendez
New Mexico, Martin Heinrich
New York, Kirsten Gillibrand
North Dakota, Heidi Heitkamp
Ohio, Sherrod Brown
Pennsylvania, Bob Casey Jr.
Rhode Island, Sheldon Whitehouse
Tennessee, Bob Corker
Texas, Ted Cruz
Utah, Orrin Hatch
Vermont, Bernie Sanders
Virginia, Tim Kaine
Washington, Maria Cantwell
West Virginia, Joe Manchin
Wisconsin, Tammy Baldwin
Wyoming, John Barrasso
