﻿Alabama,Jeff Sessions
Alaska,Dan Sullivan
Arkansas,Tom Cotton
Colorado,Cory Gardner
Delaware,Chris Coons
Georgia,David Perdue
Idaho,Jim Risch
Illinois,Richard Durbin
Iowa,Joni Ernst
Kansas,Pat Roberts
Kentucky,Mitch McConnell
Maine,Susan Collins
Massachusetts,Ed Markey
Michigan,Gary Peters
Minnesota,Al Franken
Mississippi,Thad Cochran
Montana,Steve Daines
Nebraska,Ben Sasse
New Hampshire,Jeanne Shaheen
New Jersey,Cory Booker
New Mexico,Tom Udall
North Carolina,Thom Tillis
Oklahoma,Jim Inhofe
Oregon,Jeff Merkley
Rhode Island,Jack Reed
South Carolina,Lindsey Graham
South Dakota,Mike Rounds
Tennessee,Lamar Alexander
Texas,John Cornyn
Virginia,Mark Warner
West Virginia,Shelley Moore Capito
Wyoming,Mike Enzi
