﻿,DEMOCRATIC CAUCUS,REPUBLICAN CAUCUS,MARGIN,DEMOCRATS,DEMOCRATS,DEMOCRATIC CAUCUS,REPUBLICAN CAUCUS,MARGIN
Total,46,54,R+8,10,11,29,39,R+10
Alabama,0,2,RR,Shelby (R),Shelby (R),0,2,RR
Alaska,0,2,RR,Murkowski (R),Murkowski (R),0,2,RR
Arizona,0,2,RR,McCain (R),McCain (R),0,2,RR
Arkansas,0,2,RR,Boozman (R),Boozman (R),0,2,RR
California,2,0,DD,Boxer (D),Harris (D),2,0,DD
Colorado,1,1,DR,Bennet (D),Bennet (D),1,1,DR
Connecticut,2,0,DD,Blumenthal (D),Blumenthal (D),2,0,DD
Florida,1,1,DR,Rubio (R),Rubio (R),1,1,DR
Georgia,0,2,RR,Isakson (R),Isakson (R),0,2,RR
Hawaii,2,0,DD,Schatz (D),Schatz (D),2,0,DD
Idaho,0,2,RR,Crapo (R),Crapo (R),0,2,RR
Illinois,1,1,DR,Kirk (R),Duckworth (D),2,0,DD
Indiana,1,1,DR,Coats (R),Young (R),1,1,DR
Iowa,0,2,RR,Grassley (R),Grassley (R),0,2,RR
Kansas,0,2,RR,Moran (R),Moran (R),0,2,RR
Kentucky,0,2,RR,Paul (R),Paul (R),0,2,RR
Louisiana,0,2,RR,Vitter (R),Kennedy (R),0,2,RR
Maryland,2,0,DD,Mikulski (D),Van Hollen (D),2,0,DD
Missouri,1,1,DR,Blunt (R),Blunt (R),1,1,DR
Nevada,1,1,DR,Reid (D),Cortez Masto (D),1,1,DR
New Hampshire,1,1,DR,Ayotte (R),-,2,0,DD
New York,2,0,DD,Schumer (D),Schumer (D),2,0,DD
North Carolina,0,2,RR,Burr (R),Burr (R),0,2,RR
North Dakota,1,1,DR,Hoeven (R),Hoeven (R),1,1,DR
Ohio,1,1,DR,Portman (R),Portman (R),1,1,DR
Oklahoma,0,2,RR,Lankford (R),Lankford (R),0,2,RR
Oregon,2,0,DD,Wyden (D),Wyden (D),2,0,DD
Pennsylvania,1,1,DR,Toomey (R),Toomey (R),1,1,DR
South Carolina,0,2,RR,Scott (R),Scott (R),0,2,RR
South Dakota,0,2,RR,Thune (R),Thune (R),0,2,RR
Utah,0,2,RR,Lee (R),Lee (R),0,2,RR
Vermont,2,0,DD,Leahy (D),Leahy (D),2,0,DD
Washington,2,0,DD,Murray (D),Murray (D),2,0,DD
Wisconsin,1,1,DR,Johnson (R),Johnson (R),1,1,DR
